image_id,file_name,number_of_persons
57597,000000057597.jpg,13
26690,000000026690.jpg,13
143961,000000143961.jpg,13
138639,000000138639.jpg,13
441543,000000441543.jpg,13
160728,000000160728.jpg,13
397303,000000397303.jpg,13
531135,000000531135.jpg,13
342128,000000342128.jpg,13
74092,000000074092.jpg,13
148999,000000148999.jpg,13
507667,000000507667.jpg,12
326248,000000326248.jpg,12
463199,000000463199.jpg,12
338905,000000338905.jpg,11
151480,000000151480.jpg,11
71711,000000071711.jpg,10
6471,000000006471.jpg,10
464089,000000464089.jpg,10
352684,000000352684.jpg,9
9378,000000009378.jpg,9
233727,000000233727.jpg,9
403584,000000403584.jpg,8
204329,000000204329.jpg,8
103723,000000103723.jpg,7
174371,000000174371.jpg,6
13348,000000013348.jpg,6
296657,000000296657.jpg,6
332901,000000332901.jpg,6
155341,000000155341.jpg,6
63047,000000063047.jpg,6
409542,000000409542.jpg,6
146825,000000146825.jpg,6
279774,000000279774.jpg,6
119995,000000119995.jpg,5
433204,000000433204.jpg,5
574823,000000574823.jpg,5
197388,000000197388.jpg,5
423617,000000423617.jpg,5
347254,000000347254.jpg,5
541773,000000541773.jpg,5
359540,000000359540.jpg,5
361586,000000361586.jpg,4
358923,000000358923.jpg,4
277020,000000277020.jpg,4
576031,000000576031.jpg,4
239857,000000239857.jpg,4
244750,000000244750.jpg,4
394677,000000394677.jpg,4
26204,000000026204.jpg,4
385190,000000385190.jpg,3
568814,000000568814.jpg,3
361142,000000361142.jpg,3
87144,000000087144.jpg,3
187055,000000187055.jpg,3
305309,000000305309.jpg,3
318138,000000318138.jpg,3
546659,000000546659.jpg,3
176799,000000176799.jpg,3
241677,000000241677.jpg,3
140286,000000140286.jpg,2
455555,000000455555.jpg,2
227478,000000227478.jpg,2
25057,000000025057.jpg,2
172935,000000172935.jpg,2
26941,000000026941.jpg,2
58705,000000058705.jpg,2
128476,000000128476.jpg,2
550691,000000550691.jpg,2
404839,000000404839.jpg,2
24027,000000024027.jpg,2
390902,000000390902.jpg,2
261116,000000261116.jpg,2
425227,000000425227.jpg,2
534270,000000534270.jpg,2
14226,000000014226.jpg,1
527750,000000527750.jpg,1
358195,000000358195.jpg,1
276055,000000276055.jpg,1
223955,000000223955.jpg,1
519688,000000519688.jpg,1
564336,000000564336.jpg,1
500477,000000500477.jpg,1
567011,000000567011.jpg,1
163562,000000163562.jpg,1
489339,000000489339.jpg,1
61268,000000061268.jpg,1
162415,000000162415.jpg,1
481413,000000481413.jpg,1
311180,000000311180.jpg,1
262895,000000262895.jpg,1
437205,000000437205.jpg,1
33005,000000033005.jpg,1
227491,000000227491.jpg,1
232684,000000232684.jpg,1
576566,000000576566.jpg,1
464476,000000464476.jpg,1
203639,000000203639.jpg,1
568584,000000568584.jpg,1
351823,000000351823.jpg,1
